{"time_series": {"min_data": [[1585612800000.0, 204.0877685546875], [1588204800000.0, 206.46580505371094], [1590883200000.0, 176.4154510498047], [1593475200000.0, 156.5640106201172]], "max_data": [[1585612800000.0, 270.08587646484375], [1588204800000.0, 251.6390380859375], [1590883200000.0, 234.20437622070312], [1593475200000.0, 218.44871520996094]], "median_data": [[1585612800000.0, 258.13128662109375], [1588204800000.0, 241.95098876953125], [1590883200000.0, 214.0420379638672], [1593475200000.0, 208.17465209960938]], "mean_data": [[1585612800000.0, 243.7002716064453], [1588204800000.0, 232.68651123046874], [1590883200000.0, 207.84949951171876], [1593475200000.0, 192.7067077636719]]}, "success": "success", "interval": "mm"}