{"time_series": {"min_data": [[1612051200000.0, 281.393798828125]], "max_data": [[1612051200000.0, 284.716552734375]], "median_data": [[1612051200000.0, 284.0027770996094]], "mean_data": [[1612051200000.0, 283.65806884765624]]}, "success": "success", "interval": "mm"}