{"time_series": {"min_data": [[1580428800000.0, 0.0], [1582934400000.0, 0.0], [1585612800000.0, 0.0], [1588204800000.0, 0.0], [1590883200000.0, 0.0], [1593475200000.0, 0.0]], "max_data": [[1580428800000.0, 0.04392261430621147], [1582934400000.0, 0.0], [1585612800000.0, 0.0], [1588204800000.0, 0.0], [1590883200000.0, 0.0], [1593475200000.0, 0.0]], "median_data": [[1580428800000.0, 0.0], [1582934400000.0, 0.0], [1585612800000.0, 0.0], [1588204800000.0, 0.0], [1590883200000.0, 0.0], [1593475200000.0, 0.0]], "mean_data": [[1580428800000.0, 0.008784522861242294], [1582934400000.0, 0.0], [1585612800000.0, 0.0], [1588204800000.0, 0.0], [1590883200000.0, 0.0], [1593475200000.0, 0.0]]}, "success": "success", "interval": "mm"}