{"time_series": {"min_data": [[1585612800000.0, 270.0531921386719], [1588204800000.0, 272.49456787109375], [1590883200000.0, 274.5851745605469], [1593475200000.0, 280.3607177734375]], "max_data": [[1585612800000.0, 273.8497009277344], [1588204800000.0, 276.24267578125], [1590883200000.0, 278.1983337402344], [1593475200000.0, 284.0002136230469]], "median_data": [[1585612800000.0, 272.54864501953125], [1588204800000.0, 275.28094482421875], [1590883200000.0, 277.113525390625], [1593475200000.0, 283.53436279296875]], "mean_data": [[1585612800000.0, 272.2289306640625], [1588204800000.0, 274.8709350585938], [1590883200000.0, 276.8871154785156], [1593475200000.0, 282.8054138183594]]}, "success": "success", "interval": "mm"}