{"time_series": {"min_data": [[1596153600000.0, 279.1493225097656], [1598832000000.0, 279.1493225097656], [1601424000000.0, 279.1493225097656]], "max_data": [[1596153600000.0, 282.8984680175781], [1598832000000.0, 282.8984680175781], [1601424000000.0, 282.8984680175781]], "median_data": [[1596153600000.0, 281.95892333984375], [1598832000000.0, 281.95892333984375], [1601424000000.0, 281.95892333984375]], "mean_data": [[1596153600000.0, 281.4704345703125], [1598832000000.0, 281.4704345703125], [1601424000000.0, 281.4704345703125]]}, "success": "success", "interval": "3m"}