{"time_series": {"min_data": [[1598832000000.0, 3.2176156044006348], [1601424000000.0, 1.3519947528839111], [1604102400000.0, 0.4708501994609833], [1606694400000.0, 0.4655912220478058]], "max_data": [[1598832000000.0, 4.764770030975342], [1601424000000.0, 2.0255119800567627], [1604102400000.0, 1.2104060649871826], [1606694400000.0, 1.2750413417816162]], "median_data": [[1598832000000.0, 3.7169132232666016], [1601424000000.0, 1.5476768016815186], [1604102400000.0, 0.7344148755073547], [1606694400000.0, 0.6969243884086609]], "mean_data": [[1598832000000.0, 3.80580415725708], [1601424000000.0, 1.6052830219268799], [1604102400000.0, 0.7649915158748627], [1606694400000.0, 0.7845665037631988]]}, "success": "success", "interval": "3m"}