{"time_series": {"min_data": [[1604102400000.0, 275.70928955078125], [1606694400000.0, 270.1385803222656], [1609372800000.0, 267.9737548828125]], "max_data": [[1604102400000.0, 279.3686218261719], [1606694400000.0, 273.8675537109375], [1609372800000.0, 272.2026672363281]], "median_data": [[1604102400000.0, 278.86749267578125], [1606694400000.0, 273.4555969238281], [1609372800000.0, 271.66778564453125]], "mean_data": [[1604102400000.0, 278.19391479492185], [1606694400000.0, 272.7231506347656], [1609372800000.0, 270.68715209960936]]}, "success": "success", "interval": "mm"}