{"time_series": {"min_data": [[1435622400000.0, 2.427995443344116], [1438300800000.0, 2.1318721771240234], [1440979200000.0, 2.0461068153381348], [1443571200000.0, 2.266376495361328], [1446249600000.0, 1.7701363563537598], [1448841600000.0, 0.958551287651062], [1451520000000.0, 0.5499075055122375]], "max_data": [[1435622400000.0, 3.0818567276000977], [1438300800000.0, 2.9582347869873047], [1440979200000.0, 3.1321499347686768], [1443571200000.0, 3.0504865646362305], [1446249600000.0, 2.6311933994293213], [1448841600000.0, 1.7358465194702148], [1451520000000.0, 1.2368603944778442]], "median_data": [[1435622400000.0, 2.691113233566284], [1438300800000.0, 2.504384994506836], [1440979200000.0, 2.3749523162841797], [1443571200000.0, 2.6298491954803467], [1446249600000.0, 1.9379146099090576], [1448841600000.0, 1.1429868936538696], [1451520000000.0, 0.761139452457428]], "mean_data": [[1435622400000.0, 2.7427186012268066], [1438300800000.0, 2.5411122322082518], [1440979200000.0, 2.510400676727295], [1443571200000.0, 2.6423197746276856], [1446249600000.0, 2.1418219804763794], [1448841600000.0, 1.288497304916382], [1451520000000.0, 0.8758708477020264]]}, "success": "success", "interval": "mm"}