{"time_series": {"min_data": [[1598832000000.0, 2.6772685050964355], [1601424000000.0, 1.8692476749420166], [1604102400000.0, 0.9161020517349243], [1606694400000.0, 0.4418877065181732], [1609372800000.0, 0.32494378089904785]], "max_data": [[1598832000000.0, 3.2937963008880615], [1601424000000.0, 3.2999279499053955], [1604102400000.0, 2.2362618446350098], [1606694400000.0, 1.2372090816497803], [1609372800000.0, 0.9401414394378662]], "median_data": [[1598832000000.0, 2.967468500137329], [1601424000000.0, 2.035001516342163], [1604102400000.0, 1.1018967628479004], [1606694400000.0, 0.6295102834701538], [1609372800000.0, 0.5030657052993774]], "mean_data": [[1598832000000.0, 3.007687520980835], [1601424000000.0, 2.3306864738464355], [1604102400000.0, 1.2945106863975524], [1606694400000.0, 0.7048350274562836], [1609372800000.0, 0.5579335212707519]]}, "success": "success", "interval": "mm"}