{"time_series": {"min_data": [[1604102400000.0, 155.9956512451172], [1606694400000.0, 133.3924560546875], [1609372800000.0, 122.34764099121094], [1612051200000.0, 113.48104858398438]], "max_data": [[1604102400000.0, 229.1222381591797], [1606694400000.0, 217.39736938476562], [1609372800000.0, 216.99269104003906], [1612051200000.0, 214.46803283691406]], "median_data": [[1604102400000.0, 223.0009002685547], [1606694400000.0, 202.20745849609375], [1609372800000.0, 187.55186462402344], [1612051200000.0, 174.67848205566406]], "mean_data": [[1604102400000.0, 199.6003875732422], [1606694400000.0, 181.7694061279297], [1609372800000.0, 173.97724609375], [1612051200000.0, 166.16876220703125]]}, "success": "success", "interval": "mm"}