{"time_series": {"min_data": [[1612051200000.0, 212.193359375]], "max_data": [[1612051200000.0, 264.9670104980469]], "median_data": [[1612051200000.0, 255.92713928222656]], "mean_data": [[1612051200000.0, 245.3938995361328]]}, "success": "success", "interval": "mm"}