{"time_series": {"min_data": [[1422662400000.0, 0.49963057041168213], [1425081600000.0, 0.8444511890411377], [1427760000000.0, 1.493411898612976], [1430352000000.0, 1.8988938331604004], [1433030400000.0, 2.085797071456909], [1435622400000.0, 2.427995443344116], [1438300800000.0, 2.1318721771240234], [1440979200000.0, 2.0461068153381348], [1443571200000.0, 2.266376495361328], [1446249600000.0, 1.7701363563537598], [1448841600000.0, 0.958551287651062], [1451520000000.0, 0.5499075055122375]], "max_data": [[1422662400000.0, 1.0723522901535034], [1425081600000.0, 1.5968745946884155], [1427760000000.0, 2.4701039791107178], [1430352000000.0, 3.4173266887664795], [1433030400000.0, 4.047913074493408], [1435622400000.0, 3.0818567276000977], [1438300800000.0, 2.9582347869873047], [1440979200000.0, 3.1321499347686768], [1443571200000.0, 3.0504865646362305], [1446249600000.0, 2.6311933994293213], [1448841600000.0, 1.7358465194702148], [1451520000000.0, 1.2368603944778442]], "median_data": [[1422662400000.0, 0.7639234066009521], [1425081600000.0, 1.149853229522705], [1427760000000.0, 1.63204026222229], [1430352000000.0, 2.2992312908172607], [1433030400000.0, 2.6431214809417725], [1435622400000.0, 2.691113233566284], [1438300800000.0, 2.504384994506836], [1440979200000.0, 2.3749523162841797], [1443571200000.0, 2.6298491954803467], [1446249600000.0, 1.9379146099090576], [1448841600000.0, 1.1429868936538696], [1451520000000.0, 0.761139452457428]], "mean_data": [[1422662400000.0, 0.7885565638542176], [1425081600000.0, 1.1627336859703064], [1427760000000.0, 1.8545994281768798], [1430352000000.0, 2.4728816509246827], [1433030400000.0, 2.8309329986572265], [1435622400000.0, 2.7427186012268066], [1438300800000.0, 2.5411122322082518], [1440979200000.0, 2.510400676727295], [1443571200000.0, 2.6423197746276856], [1446249600000.0, 2.1418219804763794], [1448841600000.0, 1.288497304916382], [1451520000000.0, 0.8758708477020264]]}, "success": "success", "interval": "mm"}