{"time_series": {"min_data": [[1597017600000.0, 1.538357138633728], [1597881600000.0, 3.456535816192627], [1598832000000.0, 6.282227993011475], [1599696000000.0, 0.0], [1600560000000.0, 0.0], [1601424000000.0, 0.0], [1602288000000.0, 0.0], [1603152000000.0, 0.0], [1604102400000.0, 0.0], [1604966400000.0, 0.0], [1605830400000.0, 0.0], [1606694400000.0, 0.0], [1607558400000.0, 0.0], [1608422400000.0, 0.0], [1609372800000.0, 0.0]], "max_data": [[1597017600000.0, 5.743252277374268], [1597881600000.0, 5.15030574798584], [1598832000000.0, 8.706903457641602], [1599696000000.0, 0.0], [1600560000000.0, 0.0], [1601424000000.0, 0.0], [1602288000000.0, 0.0], [1603152000000.0, 0.0], [1604102400000.0, 0.0], [1604966400000.0, 0.0], [1605830400000.0, 0.0], [1606694400000.0, 0.0], [1607558400000.0, 0.0], [1608422400000.0, 0.0], [1609372800000.0, 0.0]], "median_data": [[1597017600000.0, 2.921168327331543], [1597881600000.0, 3.7956385612487793], [1598832000000.0, 7.00393009185791], [1599696000000.0, 0.0], [1600560000000.0, 0.0], [1601424000000.0, 0.0], [1602288000000.0, 0.0], [1603152000000.0, 0.0], [1604102400000.0, 0.0], [1604966400000.0, 0.0], [1605830400000.0, 0.0], [1606694400000.0, 0.0], [1607558400000.0, 0.0], [1608422400000.0, 0.0], [1609372800000.0, 0.0]], "mean_data": [[1597017600000.0, 3.2446269750595094], [1597881600000.0, 4.145650386810303], [1598832000000.0, 7.204176998138427], [1599696000000.0, 0.0], [1600560000000.0, 0.0], [1601424000000.0, 0.0], [1602288000000.0, 0.0], [1603152000000.0, 0.0], [1604102400000.0, 0.0], [1604966400000.0, 0.0], [1605830400000.0, 0.0], [1606694400000.0, 0.0], [1607558400000.0, 0.0], [1608422400000.0, 0.0], [1609372800000.0, 0.0]]}, "success": "success", "interval": "dd"}