{"time_series": {"min_data": [[1596153600000.0, 235.4193115234375], [1598832000000.0, 269.350830078125], [1601424000000.0, 257.7315979003906], [1604102400000.0, 232.37789916992188], [1606694400000.0, 212.14193725585938], [1609372800000.0, 201.84652709960938]], "max_data": [[1596153600000.0, 295.1661682128906], [1598832000000.0, 321.5486755371094], [1601424000000.0, 303.3802795410156], [1604102400000.0, 279.2261047363281], [1606694400000.0, 259.5365295410156], [1609372800000.0, 250.69937133789062]], "median_data": [[1596153600000.0, 282.2581787109375], [1598832000000.0, 310.72027587890625], [1601424000000.0, 292.0982971191406], [1604102400000.0, 264.46612548828125], [1606694400000.0, 246.16282653808594], [1609372800000.0, 241.51559448242188]], "mean_data": [[1596153600000.0, 270.4984588623047], [1598832000000.0, 300.66376953125], [1601424000000.0, 285.54274291992186], [1604102400000.0, 260.24573974609376], [1606694400000.0, 241.05472717285156], [1609372800000.0, 233.02210388183593]]}, "success": "success", "interval": "mm"}