{"time_series": {"min_data": [[1598832000000.0, 4.096521377563477], [1601424000000.0, 0.0], [1604102400000.0, 0.0], [1606694400000.0, 0.0], [1609372800000.0, 0.0]], "max_data": [[1598832000000.0, 6.603597164154053], [1601424000000.0, 0.0], [1604102400000.0, 0.0], [1606694400000.0, 0.0], [1609372800000.0, 0.0]], "median_data": [[1598832000000.0, 4.644329071044922], [1601424000000.0, 0.0], [1604102400000.0, 0.0], [1606694400000.0, 0.0], [1609372800000.0, 0.0]], "mean_data": [[1598832000000.0, 4.9402812957763675], [1601424000000.0, 0.0], [1604102400000.0, 0.0], [1606694400000.0, 0.0], [1609372800000.0, 0.0]]}, "success": "success", "interval": "mm"}