{"time_series": {"min_data": [[1598832000000.0, 253.10366821289062], [1601424000000.0, 234.06504821777344], [1604102400000.0, 215.49148559570312], [1606694400000.0, 208.8468780517578]], "max_data": [[1598832000000.0, 301.36334228515625], [1601424000000.0, 280.6979675292969], [1604102400000.0, 263.193359375], [1606694400000.0, 258.177490234375]], "median_data": [[1598832000000.0, 289.3900451660156], [1601424000000.0, 267.5415954589844], [1604102400000.0, 250.76431274414062], [1606694400000.0, 247.99072265625]], "mean_data": [[1598832000000.0, 282.1138610839844], [1601424000000.0, 262.2586944580078], [1604102400000.0, 244.81461486816406], [1606694400000.0, 239.84707946777343]]}, "success": "success", "interval": "3m"}