{"time_series": {"min_data": [[1597017600000.0, 3.1029715538024902], [1597881600000.0, 2.1375973224639893], [1598832000000.0, 2.7808754444122314], [1599696000000.0, 2.595277786254883], [1600560000000.0, 1.826003909111023], [1601424000000.0, 1.1864612102508545], [1602288000000.0, 1.1110949516296387], [1603152000000.0, 0.8678279519081116], [1604102400000.0, 0.6417294144630432], [1604966400000.0, 0.4993886947631836], [1605830400000.0, 0.46444541215896606], [1606694400000.0, 0.35746458172798157], [1607558400000.0, 0.3815351128578186], [1608422400000.0, 0.29448750615119934], [1609372800000.0, 0.30118465423583984]], "max_data": [[1597017600000.0, 3.679858446121216], [1597881600000.0, 2.7898623943328857], [1598832000000.0, 3.4185855388641357], [1599696000000.0, 3.647880792617798], [1600560000000.0, 3.3986563682556152], [1601424000000.0, 2.8532471656799316], [1602288000000.0, 2.7401182651519775], [1603152000000.0, 2.044706106185913], [1604102400000.0, 1.635366678237915], [1604966400000.0, 1.450552225112915], [1605830400000.0, 1.2629449367523193], [1606694400000.0, 0.998130202293396], [1607558400000.0, 1.0342200994491577], [1608422400000.0, 0.9141666293144226], [1609372800000.0, 0.8782288432121277]], "median_data": [[1597017600000.0, 3.4580700397491455], [1597881600000.0, 2.298003911972046], [1598832000000.0, 3.2030839920043945], [1599696000000.0, 2.7771735191345215], [1600560000000.0, 2.0159082412719727], [1601424000000.0, 1.3244564533233643], [1602288000000.0, 1.2725969552993774], [1603152000000.0, 1.0447351932525635], [1604102400000.0, 0.8756482005119324], [1604966400000.0, 0.730522632598877], [1605830400000.0, 0.6430733799934387], [1606694400000.0, 0.5149348378181458], [1607558400000.0, 0.541476845741272], [1608422400000.0, 0.4865175783634186], [1609372800000.0, 0.48319029808044434]], "mean_data": [[1597017600000.0, 3.446233606338501], [1597881600000.0, 2.421213912963867], [1598832000000.0, 3.1421669006347654], [1599696000000.0, 3.015161895751953], [1600560000000.0, 2.3274692058563233], [1601424000000.0, 1.6494283437728883], [1602288000000.0, 1.556384301185608], [1603152000000.0, 1.2076849460601806], [1604102400000.0, 0.9591217517852784], [1604966400000.0, 0.8096371293067932], [1605830400000.0, 0.7224398195743561], [1606694400000.0, 0.5824281215667725], [1607558400000.0, 0.6104717493057251], [1608422400000.0, 0.5376093685626984], [1609372800000.0, 0.528648030757904]]}, "success": "success", "interval": "dd"}