{"time_series": {"min_data": [[1604102400000.0, 232.37789916992188], [1606694400000.0, 212.14193725585938], [1609372800000.0, 201.84652709960938]], "max_data": [[1604102400000.0, 279.2261047363281], [1606694400000.0, 259.5365295410156], [1609372800000.0, 250.69937133789062]], "median_data": [[1604102400000.0, 264.46612548828125], [1606694400000.0, 246.16282653808594], [1609372800000.0, 241.51559448242188]], "mean_data": [[1604102400000.0, 260.24573974609376], [1606694400000.0, 241.05472717285156], [1609372800000.0, 233.02210388183593]]}, "success": "success", "interval": "mm"}