{"time_series": {"min_data": [[1585612800000.0, 1.493411898612976], [1588204800000.0, 1.8988938331604004], [1590883200000.0, 2.085797071456909], [1593475200000.0, 2.427995443344116]], "max_data": [[1585612800000.0, 2.4701039791107178], [1588204800000.0, 3.4173266887664795], [1590883200000.0, 4.047913074493408], [1593475200000.0, 3.0818567276000977]], "median_data": [[1585612800000.0, 1.63204026222229], [1588204800000.0, 2.2992312908172607], [1590883200000.0, 2.6431214809417725], [1593475200000.0, 2.691113233566284]], "mean_data": [[1585612800000.0, 1.8545994281768798], [1588204800000.0, 2.4728816509246827], [1590883200000.0, 2.8309329986572265], [1593475200000.0, 2.7427186012268066]]}, "success": "success", "interval": "mm"}