{"time_series": {"min_data": [[1435622400000.0, 2.077451229095459], [1438300800000.0, 1.5759682655334473], [1440979200000.0, 1.1082152128219604], [1443571200000.0, 2.223991870880127], [1446249600000.0, 1.756932258605957], [1448841600000.0, 1.067016363143921], [1451520000000.0, 0.5527539849281311]], "max_data": [[1435622400000.0, 2.964691400527954], [1438300800000.0, 4.0657243728637695], [1440979200000.0, 3.7136242389678955], [1443571200000.0, 3.69568133354187], [1446249600000.0, 2.458113670349121], [1448841600000.0, 1.8447818756103516], [1451520000000.0, 1.2593767642974854]], "median_data": [[1435622400000.0, 2.411870002746582], [1438300800000.0, 3.4817841053009033], [1440979200000.0, 2.7640933990478516], [1443571200000.0, 2.835143566131592], [1446249600000.0, 1.9063119888305664], [1448841600000.0, 1.1602370738983154], [1451520000000.0, 0.74869304895401]], "mean_data": [[1435622400000.0, 2.4468149185180663], [1438300800000.0, 3.2724488258361815], [1440979200000.0, 2.76723473072052], [1443571200000.0, 2.921288347244263], [1446249600000.0, 2.030963683128357], [1448841600000.0, 1.357941484451294], [1451520000000.0, 0.8652297377586364]]}, "success": "success", "interval": "mm"}