{"time_series": {"min_data": [[1596153600000.0, 2.265357255935669], [1598832000000.0, 2.0990350246429443], [1601424000000.0, 1.6661763191223145], [1604102400000.0, 1.094325065612793], [1606694400000.0, 0.6668506264686584], [1609372800000.0, 0.6282809972763062]], "max_data": [[1596153600000.0, 2.9939205646514893], [1598832000000.0, 2.739894151687622], [1601424000000.0, 2.34954571723938], [1604102400000.0, 1.8694030046463013], [1606694400000.0, 1.341103434562683], [1609372800000.0, 1.293736457824707]], "median_data": [[1596153600000.0, 2.4192092418670654], [1598832000000.0, 2.4336061477661133], [1601424000000.0, 1.989052176475525], [1604102400000.0, 1.2821769714355469], [1606694400000.0, 0.8530156016349792], [1609372800000.0, 0.8750590085983276]], "mean_data": [[1596153600000.0, 2.5637662410736084], [1598832000000.0, 2.4292225360870363], [1601424000000.0, 2.0255053281784057], [1604102400000.0, 1.4369934320449829], [1606694400000.0, 0.9806470513343811], [1609372800000.0, 0.941534948348999]]}, "success": "success", "interval": "3m"}