{"time_series": {"min_data": [[1604102400000.0, 289.481689453125], [1606694400000.0, 283.1758117675781], [1609372800000.0, 281.2814636230469], [1612051200000.0, 281.393798828125]], "max_data": [[1604102400000.0, 292.848876953125], [1606694400000.0, 286.3722839355469], [1609372800000.0, 284.5595703125], [1612051200000.0, 284.716552734375]], "median_data": [[1604102400000.0, 292.3431701660156], [1606694400000.0, 285.7174377441406], [1609372800000.0, 283.96673583984375], [1612051200000.0, 284.0027770996094]], "mean_data": [[1604102400000.0, 291.7837768554688], [1606694400000.0, 285.3813171386719], [1609372800000.0, 283.58502807617185], [1612051200000.0, 283.65806884765624]]}, "success": "success", "interval": "mm"}