{"time_series": {"min_data": [[1422662400000.0, 0.5647040605545044], [1425081600000.0, 1.078191876411438]], "max_data": [[1422662400000.0, 1.1273399591445923], [1425081600000.0, 1.6113367080688477]], "median_data": [[1422662400000.0, 0.8606619834899902], [1425081600000.0, 1.4569677114486694]], "mean_data": [[1422662400000.0, 0.8501837849617004], [1425081600000.0, 1.374277400970459]]}, "success": "success", "interval": "mm"}