{"time_series": {"min_data": [[1612051200000.0, 113.48104858398438]], "max_data": [[1612051200000.0, 214.46803283691406]], "median_data": [[1612051200000.0, 174.67848205566406]], "mean_data": [[1612051200000.0, 166.16876220703125]]}, "success": "success", "interval": "mm"}