{"time_series": {"min_data": [[1598832000000.0, 290.4452819824219], [1601424000000.0, 290.4452819824219]], "max_data": [[1598832000000.0, 293.9037170410156], [1601424000000.0, 293.9037170410156]], "median_data": [[1598832000000.0, 293.2845764160156], [1601424000000.0, 293.2845764160156]], "mean_data": [[1598832000000.0, 292.543115234375], [1601424000000.0, 292.543115234375]]}, "success": "success", "interval": "3m"}