{"time_series": {"min_data": [[1612051200000.0, 0.49963057041168213], [1614470400000.0, 0.8444511890411377], [1617148800000.0, 1.493411898612976], [1619740800000.0, 1.8988938331604004], [1622419200000.0, 2.085797071456909], [1625011200000.0, 2.427995443344116]], "max_data": [[1612051200000.0, 1.0723522901535034], [1614470400000.0, 1.5968745946884155], [1617148800000.0, 2.4701039791107178], [1619740800000.0, 3.4173266887664795], [1622419200000.0, 4.047913074493408], [1625011200000.0, 3.0818567276000977]], "median_data": [[1612051200000.0, 0.7639234066009521], [1614470400000.0, 1.149853229522705], [1617148800000.0, 1.63204026222229], [1619740800000.0, 2.2992312908172607], [1622419200000.0, 2.6431214809417725], [1625011200000.0, 2.691113233566284]], "mean_data": [[1612051200000.0, 0.7885565638542176], [1614470400000.0, 1.1627336859703064], [1617148800000.0, 1.8545994281768798], [1619740800000.0, 2.4728816509246827], [1622419200000.0, 2.8309329986572265], [1625011200000.0, 2.7427186012268066]]}, "success": "success", "interval": "mm"}