{"time_series": {"min_data": [[1448841600000.0, 0.958551287651062], [1451520000000.0, 0.5499075055122375], [1454198400000.0, 0.49963057041168213], [1456704000000.0, 0.8444511890411377], [1459382400000.0, 1.493411898612976], [1461974400000.0, 1.8988938331604004], [1464652800000.0, 2.085797071456909], [1467244800000.0, 2.427995443344116], [1469923200000.0, 2.1318721771240234]], "max_data": [[1448841600000.0, 1.7358465194702148], [1451520000000.0, 1.2368603944778442], [1454198400000.0, 1.0723522901535034], [1456704000000.0, 1.5968745946884155], [1459382400000.0, 2.4701039791107178], [1461974400000.0, 3.4173266887664795], [1464652800000.0, 4.047913074493408], [1467244800000.0, 3.0818567276000977], [1469923200000.0, 2.9582347869873047]], "median_data": [[1448841600000.0, 1.1429868936538696], [1451520000000.0, 0.761139452457428], [1454198400000.0, 0.7639234066009521], [1456704000000.0, 1.149853229522705], [1459382400000.0, 1.63204026222229], [1461974400000.0, 2.2992312908172607], [1464652800000.0, 2.6431214809417725], [1467244800000.0, 2.691113233566284], [1469923200000.0, 2.504384994506836]], "mean_data": [[1448841600000.0, 1.288497304916382], [1451520000000.0, 0.8758708477020264], [1454198400000.0, 0.7885565638542176], [1456704000000.0, 1.1627336859703064], [1459382400000.0, 1.8545994281768798], [1461974400000.0, 2.4728816509246827], [1464652800000.0, 2.8309329986572265], [1467244800000.0, 2.7427186012268066], [1469923200000.0, 2.5411122322082518]]}, "success": "success", "interval": "mm"}