{"time_series": {"min_data": [[1604102400000.0, 0.9560415148735046], [1606694400000.0, 0.07884453237056732], [1609372800000.0, 0.36501914262771606]], "max_data": [[1604102400000.0, 2.216453790664673], [1606694400000.0, 0.3118133842945099], [1609372800000.0, 1.0739644765853882]], "median_data": [[1604102400000.0, 1.4422751665115356], [1606694400000.0, 0.11432700604200363], [1609372800000.0, 0.5812504291534424]], "mean_data": [[1604102400000.0, 1.4958366274833679], [1606694400000.0, 0.14565021097660064], [1609372800000.0, 0.6335090398788452]]}, "success": "success", "interval": "mm"}