{"time_series": {"min_data": [[1598832000000.0, 2.0990350246429443], [1601424000000.0, 1.6661763191223145], [1604102400000.0, 1.094325065612793], [1606694400000.0, 0.6668506264686584]], "max_data": [[1598832000000.0, 2.739894151687622], [1601424000000.0, 2.34954571723938], [1604102400000.0, 1.8694030046463013], [1606694400000.0, 1.341103434562683]], "median_data": [[1598832000000.0, 2.4336061477661133], [1601424000000.0, 1.989052176475525], [1604102400000.0, 1.2821769714355469], [1606694400000.0, 0.8530156016349792]], "mean_data": [[1598832000000.0, 2.4292225360870363], [1601424000000.0, 2.0255053281784057], [1604102400000.0, 1.4369934320449829], [1606694400000.0, 0.9806470513343811]]}, "success": "success", "interval": "3m"}