{"time_series": {"min_data": [[1612051200000.0, 0.49963057041168213]], "max_data": [[1612051200000.0, 1.0723522901535034]], "median_data": [[1612051200000.0, 0.7639234066009521]], "mean_data": [[1612051200000.0, 0.7885565638542176]]}, "success": "success", "interval": "mm"}