{"time_series": {"min_data": [[1585612800000.0, 281.132080078125], [1588204800000.0, 284.44366455078125], [1590883200000.0, 284.1821594238281], [1593475200000.0, 289.0254821777344]], "max_data": [[1585612800000.0, 284.91180419921875], [1588204800000.0, 288.05645751953125], [1590883200000.0, 287.8052673339844], [1593475200000.0, 292.82354736328125]], "median_data": [[1585612800000.0, 283.43499755859375], [1588204800000.0, 286.6979675292969], [1590883200000.0, 286.544677734375], [1593475200000.0, 291.8416442871094]], "mean_data": [[1585612800000.0, 283.1368408203125], [1588204800000.0, 286.4878356933594], [1590883200000.0, 286.1152404785156], [1593475200000.0, 291.1833557128906]]}, "success": "success", "interval": "mm"}