{"time_series": {"min_data": [[1598832000000.0, 201.9573211669922], [1601424000000.0, 201.9573211669922]], "max_data": [[1598832000000.0, 241.06448364257812], [1601424000000.0, 241.06448364257812]], "median_data": [[1598832000000.0, 235.58763122558594], [1601424000000.0, 235.58763122558594]], "mean_data": [[1598832000000.0, 225.9998992919922], [1601424000000.0, 225.9998992919922]]}, "success": "success", "interval": "3m"}