{"time_series": {"min_data": [[1612051200000.0, 0.3268146514892578]], "max_data": [[1612051200000.0, 0.8814904689788818]], "median_data": [[1612051200000.0, 0.49130725860595703]], "mean_data": [[1612051200000.0, 0.5314031302928924]]}, "success": "success", "interval": "mm"}