{"time_series": {"min_data": [[1422662400000.0, 270.3094787597656], [1425081600000.0, 271.0606994628906]], "max_data": [[1422662400000.0, 274.1742248535156], [1425081600000.0, 274.7030334472656]], "median_data": [[1422662400000.0, 270.9294738769531], [1425081600000.0, 272.168701171875]], "mean_data": [[1422662400000.0, 271.88628540039065], [1425081600000.0, 272.8974670410156]]}, "success": "success", "interval": "mm"}