{"time_series": {"min_data": [[1604102400000.0, 1.7701363563537598], [1606694400000.0, 0.958551287651062], [1609372800000.0, 0.5499075055122375], [1612051200000.0, 0.49963057041168213]], "max_data": [[1604102400000.0, 2.6311933994293213], [1606694400000.0, 1.7358465194702148], [1609372800000.0, 1.2368603944778442], [1612051200000.0, 1.0723522901535034]], "median_data": [[1604102400000.0, 1.9379146099090576], [1606694400000.0, 1.1429868936538696], [1609372800000.0, 0.761139452457428], [1612051200000.0, 0.7639234066009521]], "mean_data": [[1604102400000.0, 2.1418219804763794], [1606694400000.0, 1.288497304916382], [1609372800000.0, 0.8758708477020264], [1612051200000.0, 0.7885565638542176]]}, "success": "success", "interval": "mm"}