{"time_series": {"min_data": [[1612051200000.0, 267.4826965332031]], "max_data": [[1612051200000.0, 271.60162353515625]], "median_data": [[1612051200000.0, 271.1957092285156]], "mean_data": [[1612051200000.0, 270.2006469726563]]}, "success": "success", "interval": "mm"}