{"time_series": {"min_data": [[1448841600000.0, 199.8407440185547], [1451520000000.0, 190.06451416015625], [1454198400000.0, 189.2659149169922], [1456704000000.0, 179.9545440673828], [1459382400000.0, 186.56790161132812], [1461974400000.0, 170.301025390625], [1464652800000.0, 184.7405242919922], [1467244800000.0, 151.9495391845703], [1469923200000.0, 248.71725463867188]], "max_data": [[1448841600000.0, 272.9681701660156], [1451520000000.0, 263.6070556640625], [1454198400000.0, 264.2789306640625], [1456704000000.0, 252.0184783935547], [1459382400000.0, 241.0620574951172], [1461974400000.0, 222.68658447265625], [1464652800000.0, 269.0287780761719], [1467244800000.0, 270.559814453125], [1469923200000.0, 330.1314392089844]], "median_data": [[1448841600000.0, 250.12313842773438], [1451520000000.0, 245.1165313720703], [1454198400000.0, 246.6348876953125], [1456704000000.0, 234.97003173828125], [1459382400000.0, 234.17156982421875], [1461974400000.0, 217.35406494140625], [1464652800000.0, 248.3668670654297], [1467244800000.0, 215.85739135742188], [1469923200000.0, 296.86456298828125]], "mean_data": [[1448841600000.0, 240.88589477539062], [1451520000000.0, 232.3750732421875], [1454198400000.0, 233.25047302246094], [1456704000000.0, 222.0296661376953], [1459382400000.0, 220.35469665527344], [1461974400000.0, 203.05914916992188], [1464652800000.0, 233.0559326171875], [1467244800000.0, 207.57828674316406], [1469923200000.0, 288.06304931640625]]}, "success": "success", "interval": "mm"}