{"time_series": {"min_data": [[1612051200000.0, 212.193359375], [1614470400000.0, 224.3079833984375]], "max_data": [[1612051200000.0, 264.9670104980469], [1614470400000.0, 279.423095703125]], "median_data": [[1612051200000.0, 255.92713928222656], [1614470400000.0, 266.866943359375]], "mean_data": [[1612051200000.0, 245.3938995361328], [1614470400000.0, 256.9206024169922]]}, "success": "success", "interval": "mm"}