{"time_series": {"min_data": [[1422662400000.0, 0.903221607208252], [1425081600000.0, 1.475022792816162]], "max_data": [[1422662400000.0, 2.3262698650360107], [1425081600000.0, 3.4622044563293457]], "median_data": [[1422662400000.0, 1.3900066614151], [1425081600000.0, 1.8778533935546875]], "mean_data": [[1422662400000.0, 1.4993571281433105], [1425081600000.0, 2.1786784648895265]]}, "success": "success", "interval": "mm"}