{"time_series": {"min_data": [[1597017600000.0, 291.3123779296875], [1597881600000.0, 289.58990478515625], [1598832000000.0, 289.8426208496094], [1599696000000.0, 291.2882080078125], [1600560000000.0, 291.54730224609375], [1601424000000.0, 289.1103515625], [1602288000000.0, 290.4149475097656], [1603152000000.0, 289.8462829589844], [1604102400000.0, 286.8330993652344], [1604966400000.0, 284.8558349609375], [1605830400000.0, 283.4862365722656], [1606694400000.0, 281.185302734375], [1607558400000.0, 282.5107727050781], [1608422400000.0, 280.25494384765625], [1609372800000.0, 281.09716796875]], "max_data": [[1597017600000.0, 294.9258117675781], [1597881600000.0, 292.9272155761719], [1598832000000.0, 293.2655029296875], [1599696000000.0, 294.7642822265625], [1600560000000.0, 295.2117919921875], [1601424000000.0, 292.47430419921875], [1602288000000.0, 293.75079345703125], [1603152000000.0, 293.30523681640625], [1604102400000.0, 290.0161437988281], [1604966400000.0, 288.21722412109375], [1605830400000.0, 286.6726379394531], [1606694400000.0, 284.4418029785156], [1607558400000.0, 285.8359680175781], [1608422400000.0, 283.58251953125], [1609372800000.0, 284.46978759765625]], "median_data": [[1597017600000.0, 294.1375732421875], [1597881600000.0, 292.335693359375], [1598832000000.0, 292.8487548828125], [1599696000000.0, 294.0511779785156], [1600560000000.0, 294.36431884765625], [1601424000000.0, 292.12872314453125], [1602288000000.0, 293.2596435546875], [1603152000000.0, 292.803466796875], [1604102400000.0, 289.5536193847656], [1604966400000.0, 287.4130554199219], [1605830400000.0, 285.99627685546875], [1606694400000.0, 283.74298095703125], [1607558400000.0, 285.3612365722656], [1608422400000.0, 282.86090087890625], [1609372800000.0, 283.70428466796875]], "mean_data": [[1597017600000.0, 293.4505310058594], [1597881600000.0, 291.84861450195314], [1598832000000.0, 292.1178039550781], [1599696000000.0, 293.4298400878906], [1600560000000.0, 293.76298828125], [1601424000000.0, 291.468310546875], [1602288000000.0, 292.7073669433594], [1603152000000.0, 292.2065490722656], [1604102400000.0, 289.0597839355469], [1604966400000.0, 287.0587646484375], [1605830400000.0, 285.67210083007814], [1606694400000.0, 283.41306762695314], [1607558400000.0, 284.89271850585936], [1608422400000.0, 282.51234741210936], [1609372800000.0, 283.37138671875]]}, "success": "success", "interval": "dd"}