{"time_series": {"min_data": [[1422662400000.0, 0.903221607208252], [1425081600000.0, 1.475022792816162], [1427760000000.0, 1.256410002708435], [1430352000000.0, 1.1014125347137451], [1433030400000.0, 1.0030393600463867], [1435622400000.0, 2.4897513389587402], [1438300800000.0, 5.548189163208008], [1440979200000.0, 5.656595230102539], [1443571200000.0, 2.9828641414642334], [1446249600000.0, 0.9560415148735046], [1448841600000.0, 0.07884453237056732], [1451520000000.0, 0.36501914262771606]], "max_data": [[1422662400000.0, 2.3262698650360107], [1425081600000.0, 3.4622044563293457], [1427760000000.0, 1.41659677028656], [1430352000000.0, 2.1194262504577637], [1433030400000.0, 2.4482057094573975], [1435622400000.0, 4.233734607696533], [1438300800000.0, 8.252229690551758], [1440979200000.0, 8.496503829956055], [1443571200000.0, 3.5419046878814697], [1446249600000.0, 2.216453790664673], [1448841600000.0, 0.3118133842945099], [1451520000000.0, 1.0739644765853882]], "median_data": [[1422662400000.0, 1.3900066614151], [1425081600000.0, 1.8778533935546875], [1427760000000.0, 1.3824164867401123], [1430352000000.0, 1.3152955770492554], [1433030400000.0, 1.4143500328063965], [1435622400000.0, 2.9192914962768555], [1438300800000.0, 6.541228294372559], [1440979200000.0, 6.530940055847168], [1443571200000.0, 3.077501058578491], [1446249600000.0, 1.4422751665115356], [1448841600000.0, 0.11432700604200363], [1451520000000.0, 0.5812504291534424]], "mean_data": [[1422662400000.0, 1.4993571281433105], [1425081600000.0, 2.1786784648895265], [1427760000000.0, 1.3643002033233642], [1430352000000.0, 1.4576493740081786], [1433030400000.0, 1.5866862535476685], [1435622400000.0, 3.1187321186065673], [1438300800000.0, 6.626988506317138], [1440979200000.0, 6.723313999176026], [1443571200000.0, 3.1780107498168944], [1446249600000.0, 1.4958366274833679], [1448841600000.0, 0.14565021097660064], [1451520000000.0, 0.6335090398788452]]}, "success": "success", "interval": "mm"}