{"time_series": {"min_data": [[1596153600000.0, 127.71095275878906], [1598832000000.0, 224.86129760742188], [1601424000000.0, 199.06143188476562], [1604102400000.0, 155.9956512451172], [1606694400000.0, 133.3924560546875], [1609372800000.0, 122.34764099121094]], "max_data": [[1596153600000.0, 187.80990600585938], [1598832000000.0, 310.7092590332031], [1601424000000.0, 273.498779296875], [1604102400000.0, 229.1222381591797], [1606694400000.0, 217.39736938476562], [1609372800000.0, 216.99269104003906]], "median_data": [[1596153600000.0, 169.57406616210938], [1598832000000.0, 279.9373779296875], [1601424000000.0, 253.76463317871094], [1604102400000.0, 223.0009002685547], [1606694400000.0, 202.20745849609375], [1609372800000.0, 187.55186462402344]], "mean_data": [[1596153600000.0, 159.59275817871094], [1598832000000.0, 268.60423583984374], [1601424000000.0, 237.94590454101564], [1604102400000.0, 199.6003875732422], [1606694400000.0, 181.7694061279297], [1609372800000.0, 173.97724609375]]}, "success": "success", "interval": "mm"}