{"time_series": {"min_data": [[1422662400000.0, 1.4012070894241333], [1425081600000.0, 1.782515048980713]], "max_data": [[1422662400000.0, 3.6708338260650635], [1425081600000.0, 3.4415128231048584]], "median_data": [[1422662400000.0, 2.1924095153808594], [1425081600000.0, 1.9994239807128906]], "mean_data": [[1422662400000.0, 2.3643381357192994], [1425081600000.0, 2.2849602937698363]]}, "success": "success", "interval": "mm"}