{"time_series": {"min_data": [[1422662400000.0, 223.58274841308594], [1425081600000.0, 233.8229217529297], [1427760000000.0, 265.80426025390625], [1430352000000.0, 247.57688903808594], [1433030400000.0, 205.2275390625], [1435622400000.0, 168.6887969970703], [1438300800000.0, 223.90757751464844], [1440979200000.0, 266.42437744140625], [1443571200000.0, 245.21875], [1446249600000.0, 212.62709045410156], [1448841600000.0, 199.8407440185547], [1451520000000.0, 190.06451416015625]], "max_data": [[1422662400000.0, 292.4937438964844], [1425081600000.0, 297.0740966796875], [1427760000000.0, 306.0399475097656], [1430352000000.0, 285.6114196777344], [1433030400000.0, 264.6780700683594], [1435622400000.0, 231.639404296875], [1438300800000.0, 294.91876220703125], [1440979200000.0, 330.4645080566406], [1443571200000.0, 305.7012939453125], [1446249600000.0, 285.08367919921875], [1448841600000.0, 272.9681701660156], [1451520000000.0, 263.6070556640625]], "median_data": [[1422662400000.0, 270.98846435546875], [1425081600000.0, 276.55474853515625], [1427760000000.0, 292.9200134277344], [1430352000000.0, 273.8800964355469], [1433030400000.0, 245.5486297607422], [1435622400000.0, 216.7532501220703], [1438300800000.0, 262.5804138183594], [1440979200000.0, 306.0552978515625], [1443571200000.0, 285.1522216796875], [1446249600000.0, 260.68438720703125], [1448841600000.0, 250.12313842773438], [1451520000000.0, 245.1165313720703]], "mean_data": [[1422662400000.0, 264.03049621582034], [1425081600000.0, 270.2088592529297], [1427760000000.0, 289.08233032226565], [1430352000000.0, 269.5451263427734], [1433030400000.0, 237.1343017578125], [1435622400000.0, 203.40251770019532], [1438300800000.0, 256.5751159667969], [1440979200000.0, 298.65061645507814], [1443571200000.0, 277.34467163085935], [1446249600000.0, 252.0672637939453], [1448841600000.0, 240.88589477539062], [1451520000000.0, 232.3750732421875]]}, "success": "success", "interval": "mm"}