{"time_series": {"min_data": [[1422662400000.0, 276.2782287597656], [1425081600000.0, 278.72918701171875]], "max_data": [[1422662400000.0, 280.2816467285156], [1425081600000.0, 282.6780700683594]], "median_data": [[1422662400000.0, 277.46954345703125], [1425081600000.0, 280.4961242675781]], "mean_data": [[1422662400000.0, 278.0861755371094], [1425081600000.0, 280.4300964355469]]}, "success": "success", "interval": "mm"}