{"time_series": {"min_data": [[1448841600000.0, 1.067016363143921], [1451520000000.0, 0.5527539849281311], [1454198400000.0, 0.47433263063430786], [1456704000000.0, 0.8240839242935181], [1459382400000.0, 1.2919796705245972], [1461974400000.0, 1.4923655986785889], [1464652800000.0, 2.5587236881256104], [1467244800000.0, 1.2759413719177246], [1469923200000.0, 0.6457333564758301]], "max_data": [[1448841600000.0, 1.8447818756103516], [1451520000000.0, 1.2593767642974854], [1454198400000.0, 0.9883840084075928], [1456704000000.0, 1.5167782306671143], [1459382400000.0, 2.0350983142852783], [1461974400000.0, 2.7627031803131104], [1464652800000.0, 3.089836835861206], [1467244800000.0, 2.9151201248168945], [1469923200000.0, 2.837897539138794]], "median_data": [[1448841600000.0, 1.1602370738983154], [1451520000000.0, 0.74869304895401], [1454198400000.0, 0.6853528618812561], [1456704000000.0, 0.933036744594574], [1459382400000.0, 1.4898580312728882], [1461974400000.0, 1.8479310274124146], [1464652800000.0, 2.9095022678375244], [1467244800000.0, 2.5785536766052246], [1469923200000.0, 2.242544651031494]], "mean_data": [[1448841600000.0, 1.357941484451294], [1451520000000.0, 0.8652297377586364], [1454198400000.0, 0.7257186651229859], [1456704000000.0, 1.0746467232704162], [1459382400000.0, 1.565608525276184], [1461974400000.0, 1.9345062017440795], [1464652800000.0, 2.8228641510009767], [1467244800000.0, 2.368559551239014], [1469923200000.0, 2.0848957538604735]]}, "success": "success", "interval": "mm"}