{"time_series": {"min_data": [[1435622400000.0, 2.096362829208374], [1438300800000.0, 4.498161315917969], [1440979200000.0, 6.061502933502197], [1443571200000.0, 2.106038808822632], [1446249600000.0, 1.1362991333007812], [1448841600000.0, 0.0026476269122213125], [1451520000000.0, 0.3901269733905792]], "max_data": [[1435622400000.0, 3.412961721420288], [1438300800000.0, 6.874938011169434], [1440979200000.0, 8.874305725097656], [1443571200000.0, 2.578575372695923], [1446249600000.0, 2.844665288925171], [1448841600000.0, 0.2898784577846527], [1451520000000.0, 1.0901126861572266]], "median_data": [[1435622400000.0, 2.562069892883301], [1438300800000.0, 5.381680965423584], [1440979200000.0, 6.95812463760376], [1443571200000.0, 2.324547529220581], [1446249600000.0, 1.8107833862304688], [1448841600000.0, 0.07108243554830551], [1451520000000.0, 0.5408508777618408]], "mean_data": [[1435622400000.0, 2.6167321681976317], [1438300800000.0, 5.505015850067139], [1440979200000.0, 7.120339012145996], [1443571200000.0, 2.3298693656921388], [1446249600000.0, 1.8827020168304442], [1448841600000.0, 0.10283849607221782], [1451520000000.0, 0.6363170564174652]]}, "success": "success", "interval": "mm"}