{"time_series": {"min_data": [[1448841600000.0, 0.0026476269122213125], [1451520000000.0, 0.3901269733905792], [1454198400000.0, 0.24098844826221466], [1456704000000.0, 0.44886890053749084], [1459382400000.0, 1.0080580711364746], [1461974400000.0, 0.48848259449005127], [1464652800000.0, 2.297299861907959], [1467244800000.0, 1.5548259019851685], [1469923200000.0, 6.452338218688965]], "max_data": [[1448841600000.0, 0.2898784577846527], [1451520000000.0, 1.0901126861572266], [1454198400000.0, 0.8289204835891724], [1456704000000.0, 0.8158773183822632], [1459382400000.0, 1.2432498931884766], [1461974400000.0, 0.8984138369560242], [1464652800000.0, 5.715261936187744], [1467244800000.0, 4.085836887359619], [1469923200000.0, 8.732636451721191]], "median_data": [[1448841600000.0, 0.07108243554830551], [1451520000000.0, 0.5408508777618408], [1454198400000.0, 0.4265139400959015], [1456704000000.0, 0.49209246039390564], [1459382400000.0, 1.213591456413269], [1461974400000.0, 0.5766431093215942], [1464652800000.0, 3.3504607677459717], [1467244800000.0, 2.4138169288635254], [1469923200000.0, 6.931286811828613]], "mean_data": [[1448841600000.0, 0.10283849607221782], [1451520000000.0, 0.6363170564174652], [1454198400000.0, 0.47913614213466643], [1456704000000.0, 0.5613337516784668], [1459382400000.0, 1.1778943300247193], [1461974400000.0, 0.6320439219474793], [1464652800000.0, 3.720254421234131], [1467244800000.0, 2.5786770582199097], [1469923200000.0, 7.273953819274903]]}, "success": "success", "interval": "mm"}