{"time_series": {"min_data": [[1422662400000.0, 270.3094787597656], [1425081600000.0, 271.0606994628906], [1427760000000.0, 273.44482421875], [1430352000000.0, 276.55194091796875], [1433030400000.0, 281.13201904296875], [1435622400000.0, 283.3484802246094], [1438300800000.0, 285.21417236328125], [1440979200000.0, 284.5558776855469], [1443571200000.0, 282.9036865234375], [1446249600000.0, 278.23358154296875], [1448841600000.0, 273.5076904296875], [1451520000000.0, 270.8650207519531]], "max_data": [[1422662400000.0, 274.1742248535156], [1425081600000.0, 274.7030334472656], [1427760000000.0, 277.1751708984375], [1430352000000.0, 280.41168212890625], [1433030400000.0, 284.9301452636719], [1435622400000.0, 287.16790771484375], [1438300800000.0, 288.9233703613281], [1440979200000.0, 288.2777404785156], [1443571200000.0, 286.56793212890625], [1446249600000.0, 282.0470275878906], [1448841600000.0, 277.5389404296875], [1451520000000.0, 274.5771484375]], "median_data": [[1422662400000.0, 270.9294738769531], [1425081600000.0, 272.168701171875], [1427760000000.0, 274.6719970703125], [1430352000000.0, 277.84710693359375], [1433030400000.0, 282.5514221191406], [1435622400000.0, 284.7647399902344], [1438300800000.0, 286.9396057128906], [1440979200000.0, 286.5738220214844], [1443571200000.0, 284.73822021484375], [1446249600000.0, 280.1300964355469], [1448841600000.0, 276.5600280761719], [1451520000000.0, 273.76483154296875]], "mean_data": [[1422662400000.0, 271.88628540039065], [1425081600000.0, 272.8974670410156], [1427760000000.0, 275.20460815429686], [1430352000000.0, 278.3348693847656], [1433030400000.0, 282.96278686523436], [1435622400000.0, 285.26506958007815], [1438300800000.0, 287.197412109375], [1440979200000.0, 286.6174560546875], [1443571200000.0, 284.9126708984375], [1446249600000.0, 280.1711181640625], [1448841600000.0, 275.8762451171875], [1451520000000.0, 272.9858642578125]]}, "success": "success", "interval": "mm"}