{"time_series": {"min_data": [[1612051200000.0, 212.193359375], [1614470400000.0, 224.3079833984375], [1617148800000.0, 225.21826171875], [1619740800000.0, 210.3645477294922], [1622419200000.0, 187.2129669189453], [1625011200000.0, 179.50100708007812]], "max_data": [[1612051200000.0, 264.9670104980469], [1614470400000.0, 279.423095703125], [1617148800000.0, 268.4230651855469], [1619740800000.0, 251.4482879638672], [1622419200000.0, 238.0338134765625], [1625011200000.0, 233.89491271972656]], "median_data": [[1612051200000.0, 255.92713928222656], [1614470400000.0, 266.866943359375], [1617148800000.0, 256.9770202636719], [1619740800000.0, 244.13540649414062], [1622419200000.0, 233.0978546142578], [1625011200000.0, 228.15869140625]], "mean_data": [[1612051200000.0, 245.3938995361328], [1614470400000.0, 256.9206024169922], [1617148800000.0, 250.2170654296875], [1619740800000.0, 235.17847595214843], [1622419200000.0, 218.71165161132814], [1625011200000.0, 213.1323455810547]]}, "success": "success", "interval": "mm"}