{"time_series": {"min_data": [[1448841600000.0, 283.3924865722656], [1451520000000.0, 279.0669250488281], [1454198400000.0, 276.7893981933594], [1456704000000.0, 280.5626525878906], [1459382400000.0, 282.9117431640625], [1461974400000.0, 288.35302734375], [1464652800000.0, 287.6873779296875], [1467244800000.0, 288.5284729003906], [1469923200000.0, 288.81243896484375]], "max_data": [[1448841600000.0, 286.9685974121094], [1451520000000.0, 282.85626220703125], [1454198400000.0, 280.6586608886719], [1456704000000.0, 284.43975830078125], [1459382400000.0, 286.90576171875], [1461974400000.0, 292.27813720703125], [1464652800000.0, 291.6364440917969], [1467244800000.0, 293.1322326660156], [1469923200000.0, 292.60748291015625]], "median_data": [[1448841600000.0, 285.49737548828125], [1451520000000.0, 280.6570129394531], [1454198400000.0, 278.4660339355469], [1456704000000.0, 282.28106689453125], [1459382400000.0, 284.8841247558594], [1461974400000.0, 290.3619079589844], [1464652800000.0, 290.4963073730469], [1467244800000.0, 292.829345703125], [1469923200000.0, 291.3556213378906]], "mean_data": [[1448841600000.0, 285.1258972167969], [1451520000000.0, 280.8706359863281], [1454198400000.0, 278.6100646972656], [1456704000000.0, 282.3017883300781], [1459382400000.0, 284.6598327636719], [1461974400000.0, 290.15492553710936], [1464652800000.0, 289.8022766113281], [1467244800000.0, 291.46287231445314], [1469923200000.0, 290.9189819335937]]}, "success": "success", "interval": "mm"}