{"time_series": {"min_data": [[1585612800000.0, 1.256410002708435], [1588204800000.0, 1.1014125347137451], [1590883200000.0, 1.0030393600463867], [1593475200000.0, 2.4897513389587402]], "max_data": [[1585612800000.0, 1.41659677028656], [1588204800000.0, 2.1194262504577637], [1590883200000.0, 2.4482057094573975], [1593475200000.0, 4.233734607696533]], "median_data": [[1585612800000.0, 1.3824164867401123], [1588204800000.0, 1.3152955770492554], [1590883200000.0, 1.4143500328063965], [1593475200000.0, 2.9192914962768555]], "mean_data": [[1585612800000.0, 1.3643002033233642], [1588204800000.0, 1.4576493740081786], [1590883200000.0, 1.5866862535476685], [1593475200000.0, 3.1187321186065673]]}, "success": "success", "interval": "mm"}