{"time_series": {"min_data": [[1612051200000.0, 0.49963057041168213], [1614470400000.0, 0.8444511890411377]], "max_data": [[1612051200000.0, 1.0723522901535034], [1614470400000.0, 1.5968745946884155]], "median_data": [[1612051200000.0, 0.7639234066009521], [1614470400000.0, 1.149853229522705]], "mean_data": [[1612051200000.0, 0.7885565638542176], [1614470400000.0, 1.1627336859703064]]}, "success": "success", "interval": "mm"}