{"time_series": {"min_data": [[1638230400000.0, 212.14193725585938], [1640908800000.0, 201.84652709960938], [1643587200000.0, 212.193359375], [1646006400000.0, 224.3079833984375], [1648684800000.0, 225.21826171875], [1651276800000.0, 210.3645477294922], [1653955200000.0, 187.2129669189453], [1656547200000.0, 179.50100708007812], [1659225600000.0, 235.4193115234375]], "max_data": [[1638230400000.0, 259.5365295410156], [1640908800000.0, 250.69937133789062], [1643587200000.0, 264.9670104980469], [1646006400000.0, 279.423095703125], [1648684800000.0, 268.4230651855469], [1651276800000.0, 251.4482879638672], [1653955200000.0, 238.0338134765625], [1656547200000.0, 233.89491271972656], [1659225600000.0, 295.1661682128906]], "median_data": [[1638230400000.0, 246.16282653808594], [1640908800000.0, 241.51559448242188], [1643587200000.0, 255.92713928222656], [1646006400000.0, 266.866943359375], [1648684800000.0, 256.9770202636719], [1651276800000.0, 244.13540649414062], [1653955200000.0, 233.0978546142578], [1656547200000.0, 228.15869140625], [1659225600000.0, 282.2581787109375]], "mean_data": [[1638230400000.0, 241.05472717285156], [1640908800000.0, 233.02210388183593], [1643587200000.0, 245.3938995361328], [1646006400000.0, 256.9206024169922], [1648684800000.0, 250.2170654296875], [1651276800000.0, 235.17847595214843], [1653955200000.0, 218.71165161132814], [1656547200000.0, 213.1323455810547], [1659225600000.0, 270.4984588623047]]}, "success": "success", "interval": "mm"}