{"time_series": {"min_data": [[1585612800000.0, 1.270599603652954], [1588204800000.0, 1.5019962787628174], [1590883200000.0, 1.2383086681365967], [1593475200000.0, 2.007709503173828]], "max_data": [[1585612800000.0, 2.6016845703125], [1588204800000.0, 3.1492507457733154], [1590883200000.0, 2.7351198196411133], [1593475200000.0, 2.8059475421905518]], "median_data": [[1585612800000.0, 1.3211230039596558], [1588204800000.0, 2.085885524749756], [1590883200000.0, 2.3494763374328613], [1593475200000.0, 2.392883539199829]], "mean_data": [[1585612800000.0, 1.6045872688293457], [1588204800000.0, 2.1705484628677367], [1590883200000.0, 2.0436053037643434], [1593475200000.0, 2.4292908668518067]]}, "success": "success", "interval": "mm"}