{"time_series": {"min_data": [[1448841600000.0, 273.5076904296875], [1451520000000.0, 270.8650207519531], [1454198400000.0, 269.00665283203125], [1456704000000.0, 271.7956848144531], [1459382400000.0, 274.3789978027344], [1461974400000.0, 278.7967529296875], [1464652800000.0, 281.14019775390625], [1467244800000.0, 283.9421691894531], [1469923200000.0, 285.1338195800781]], "max_data": [[1448841600000.0, 277.5389404296875], [1451520000000.0, 274.5771484375], [1454198400000.0, 272.9961853027344], [1456704000000.0, 275.3656311035156], [1459382400000.0, 278.286376953125], [1461974400000.0, 282.706787109375], [1464652800000.0, 285.0267639160156], [1467244800000.0, 287.72821044921875], [1469923200000.0, 288.8530578613281]], "median_data": [[1448841600000.0, 276.5600280761719], [1451520000000.0, 273.76483154296875], [1454198400000.0, 271.81512451171875], [1456704000000.0, 273.8952941894531], [1459382400000.0, 276.0919189453125], [1461974400000.0, 280.26312255859375], [1464652800000.0, 282.5470886230469], [1467244800000.0, 285.6115417480469], [1469923200000.0, 287.0267028808594]], "mean_data": [[1448841600000.0, 275.8762451171875], [1451520000000.0, 272.9858642578125], [1454198400000.0, 271.1402282714844], [1456704000000.0, 273.808642578125], [1459382400000.0, 276.3734558105469], [1461974400000.0, 280.69660034179685], [1464652800000.0, 283.0569213867187], [1467244800000.0, 285.944189453125], [1469923200000.0, 287.1657470703125]]}, "success": "success", "interval": "mm"}