{"time_series": {"min_data": [[1448841600000.0, 212.14193725585938], [1451520000000.0, 201.84652709960938], [1454198400000.0, 212.193359375], [1456704000000.0, 224.3079833984375], [1459382400000.0, 225.21826171875], [1461974400000.0, 210.3645477294922], [1464652800000.0, 187.2129669189453], [1467244800000.0, 179.50100708007812], [1469923200000.0, 235.4193115234375]], "max_data": [[1448841600000.0, 259.5365295410156], [1451520000000.0, 250.69937133789062], [1454198400000.0, 264.9670104980469], [1456704000000.0, 279.423095703125], [1459382400000.0, 268.4230651855469], [1461974400000.0, 251.4482879638672], [1464652800000.0, 238.0338134765625], [1467244800000.0, 233.89491271972656], [1469923200000.0, 295.1661682128906]], "median_data": [[1448841600000.0, 246.16282653808594], [1451520000000.0, 241.51559448242188], [1454198400000.0, 255.92713928222656], [1456704000000.0, 266.866943359375], [1459382400000.0, 256.9770202636719], [1461974400000.0, 244.13540649414062], [1464652800000.0, 233.0978546142578], [1467244800000.0, 228.15869140625], [1469923200000.0, 282.2581787109375]], "mean_data": [[1448841600000.0, 241.05472717285156], [1451520000000.0, 233.02210388183593], [1454198400000.0, 245.3938995361328], [1456704000000.0, 256.9206024169922], [1459382400000.0, 250.2170654296875], [1461974400000.0, 235.17847595214843], [1464652800000.0, 218.71165161132814], [1467244800000.0, 213.1323455810547], [1469923200000.0, 270.4984588623047]]}, "success": "success", "interval": "mm"}