{"time_series": {"min_data": [[1422662400000.0, 223.58274841308594], [1425081600000.0, 233.8229217529297]], "max_data": [[1422662400000.0, 292.4937438964844], [1425081600000.0, 297.0740966796875]], "median_data": [[1422662400000.0, 270.98846435546875], [1425081600000.0, 276.55474853515625]], "mean_data": [[1422662400000.0, 264.03049621582034], [1425081600000.0, 270.2088592529297]]}, "success": "success", "interval": "mm"}