{"time_series": {"min_data": [[1597017600000.0, 214.09225463867188], [1597881600000.0, 212.53732299804688], [1598832000000.0, 245.85494995117188], [1599696000000.0, 223.53929138183594], [1600560000000.0, 195.4383544921875], [1601424000000.0, 178.20664978027344], [1602288000000.0, 164.54039001464844], [1603152000000.0, 153.26846313476562], [1604102400000.0, 144.51528930664062], [1604966400000.0, 138.004150390625], [1605830400000.0, 133.01632690429688], [1606694400000.0, 129.1569061279297], [1607558400000.0, 125.65687561035156], [1608422400000.0, 122.44380950927734], [1609372800000.0, 119.2518081665039]], "max_data": [[1597017600000.0, 301.55804443359375], [1597881600000.0, 314.5411682128906], [1598832000000.0, 315.54498291015625], [1599696000000.0, 293.6683349609375], [1600560000000.0, 271.72332763671875], [1601424000000.0, 255.10459899902344], [1602288000000.0, 238.9095001220703], [1603152000000.0, 225.9677276611328], [1604102400000.0, 218.7443389892578], [1604966400000.0, 217.48016357421875], [1605830400000.0, 216.8965606689453], [1606694400000.0, 217.8154296875], [1607558400000.0, 217.2396697998047], [1608422400000.0, 216.90061950683594], [1609372800000.0, 216.85189819335938]], "median_data": [[1597017600000.0, 267.0390930175781], [1597881600000.0, 277.59832763671875], [1598832000000.0, 293.78948974609375], [1599696000000.0, 271.1034851074219], [1600560000000.0, 250.13792419433594], [1601424000000.0, 239.52780151367188], [1602288000000.0, 229.06240844726562], [1603152000000.0, 220.74229431152344], [1604102400000.0, 215.92063903808594], [1604966400000.0, 208.2256622314453], [1605830400000.0, 201.63162231445312], [1606694400000.0, 196.76510620117188], [1607558400000.0, 192.03627014160156], [1608422400000.0, 187.57948303222656], [1609372800000.0, 183.4500274658203]], "mean_data": [[1597017600000.0, 256.0884765625], [1597881600000.0, 265.9622344970703], [1598832000000.0, 282.384033203125], [1599696000000.0, 259.0310974121094], [1600560000000.0, 234.70487365722656], [1601424000000.0, 220.10174255371095], [1602288000000.0, 207.32628784179687], [1603152000000.0, 196.98480529785155], [1604102400000.0, 189.6782257080078], [1604966400000.0, 184.86554565429688], [1605830400000.0, 181.3241943359375], [1606694400000.0, 179.1184875488281], [1607558400000.0, 176.5536895751953], [1608422400000.0, 174.02761993408203], [1609372800000.0, 171.58923797607423]]}, "success": "success", "interval": "dd"}