{"time_series": {"min_data": [[1422662400000.0, 276.2782287597656], [1425081600000.0, 278.72918701171875], [1427760000000.0, 280.79632568359375], [1430352000000.0, 283.6498718261719], [1433030400000.0, 289.06695556640625], [1435622400000.0, 289.3992004394531], [1438300800000.0, 289.6436462402344], [1440979200000.0, 288.6007995605469], [1443571200000.0, 288.7915954589844], [1446249600000.0, 285.97991943359375], [1448841600000.0, 283.3924865722656], [1451520000000.0, 279.0669250488281]], "max_data": [[1422662400000.0, 280.2816467285156], [1425081600000.0, 282.6780700683594], [1427760000000.0, 284.6705322265625], [1430352000000.0, 287.394775390625], [1433030400000.0, 292.76202392578125], [1435622400000.0, 293.3435974121094], [1438300800000.0, 293.7310485839844], [1440979200000.0, 292.6919250488281], [1443571200000.0, 292.6646423339844], [1446249600000.0, 289.54241943359375], [1448841600000.0, 286.9685974121094], [1451520000000.0, 282.85626220703125]], "median_data": [[1422662400000.0, 277.46954345703125], [1425081600000.0, 280.4961242675781], [1427760000000.0, 282.83319091796875], [1430352000000.0, 285.93865966796875], [1433030400000.0, 291.340087890625], [1435622400000.0, 292.46575927734375], [1438300800000.0, 292.6343994140625], [1440979200000.0, 291.93011474609375], [1443571200000.0, 291.955810546875], [1446249600000.0, 288.2071838378906], [1448841600000.0, 285.49737548828125], [1451520000000.0, 280.6570129394531]], "mean_data": [[1422662400000.0, 278.0861755371094], [1425081600000.0, 280.4300964355469], [1427760000000.0, 282.5006896972656], [1430352000000.0, 285.37720947265626], [1433030400000.0, 290.8224670410156], [1435622400000.0, 291.5067626953125], [1438300800000.0, 292.00446166992185], [1440979200000.0, 291.057568359375], [1443571200000.0, 291.0797058105469], [1446249600000.0, 287.705029296875], [1448841600000.0, 285.1258972167969], [1451520000000.0, 280.8706359863281]]}, "success": "success", "interval": "mm"}