{"time_series": {"min_data": [[1598832000000.0, 2.5912563800811768], [1601424000000.0, 2.5912563800811768]], "max_data": [[1598832000000.0, 3.8142919540405273], [1601424000000.0, 3.8142919540405273]], "median_data": [[1598832000000.0, 3.361586332321167], [1601424000000.0, 3.361586332321167]], "mean_data": [[1598832000000.0, 3.205818700790405], [1601424000000.0, 3.205818700790405]]}, "success": "success", "interval": "3m"}