{"time_series": {"min_data": [[1448841600000.0, 0.07884453237056732], [1451520000000.0, 0.36501914262771606], [1454198400000.0, 0.903221607208252], [1456704000000.0, 1.475022792816162], [1459382400000.0, 1.256410002708435], [1461974400000.0, 1.1014125347137451], [1464652800000.0, 1.0030393600463867], [1467244800000.0, 2.4897513389587402], [1469923200000.0, 5.548189163208008]], "max_data": [[1448841600000.0, 0.3118133842945099], [1451520000000.0, 1.0739644765853882], [1454198400000.0, 2.3262698650360107], [1456704000000.0, 3.4622044563293457], [1459382400000.0, 1.41659677028656], [1461974400000.0, 2.1194262504577637], [1464652800000.0, 2.4482057094573975], [1467244800000.0, 4.233734607696533], [1469923200000.0, 8.252229690551758]], "median_data": [[1448841600000.0, 0.11432700604200363], [1451520000000.0, 0.5812504291534424], [1454198400000.0, 1.3900066614151], [1456704000000.0, 1.8778533935546875], [1459382400000.0, 1.3824164867401123], [1461974400000.0, 1.3152955770492554], [1464652800000.0, 1.4143500328063965], [1467244800000.0, 2.9192914962768555], [1469923200000.0, 6.541228294372559]], "mean_data": [[1448841600000.0, 0.14565021097660064], [1451520000000.0, 0.6335090398788452], [1454198400000.0, 1.4993571281433105], [1456704000000.0, 2.1786784648895265], [1459382400000.0, 1.3643002033233642], [1461974400000.0, 1.4576493740081786], [1464652800000.0, 1.5866862535476685], [1467244800000.0, 3.1187321186065673], [1469923200000.0, 6.626988506317138]]}, "success": "success", "interval": "mm"}