{"time_series": {"min_data": [[1597017600000.0, 282.7868957519531], [1597881600000.0, 282.88323974609375], [1598832000000.0, 281.538330078125], [1599696000000.0, 280.9577331542969], [1600560000000.0, 280.3050231933594], [1601424000000.0, 278.4219665527344], [1602288000000.0, 276.89117431640625], [1603152000000.0, 276.2096862792969], [1604102400000.0, 272.4560546875], [1604966400000.0, 271.5469665527344], [1605830400000.0, 270.1566162109375], [1606694400000.0, 268.712158203125], [1607558400000.0, 269.6509094238281], [1608422400000.0, 266.8902587890625], [1609372800000.0, 267.43402099609375]], "max_data": [[1597017600000.0, 286.1455383300781], [1597881600000.0, 286.5845947265625], [1598832000000.0, 285.1558837890625], [1599696000000.0, 284.54144287109375], [1600560000000.0, 283.7654113769531], [1601424000000.0, 282.1854248046875], [1602288000000.0, 280.5947570800781], [1603152000000.0, 279.8492736816406], [1604102400000.0, 276.1031799316406], [1604966400000.0, 275.23388671875], [1605830400000.0, 273.8853759765625], [1606694400000.0, 272.5320739746094], [1607558400000.0, 273.5174560546875], [1608422400000.0, 271.27642822265625], [1609372800000.0, 271.84942626953125]], "median_data": [[1597017600000.0, 286.00286865234375], [1597881600000.0, 285.9383544921875], [1598832000000.0, 284.6540832519531], [1599696000000.0, 284.0921936035156], [1600560000000.0, 283.4402770996094], [1601424000000.0, 281.61431884765625], [1602288000000.0, 279.9541320800781], [1603152000000.0, 279.44842529296875], [1604102400000.0, 275.71588134765625], [1604966400000.0, 274.90570068359375], [1605830400000.0, 273.3726806640625], [1606694400000.0, 272.08837890625], [1607558400000.0, 273.06573486328125], [1608422400000.0, 270.5723876953125], [1609372800000.0, 271.1705017089844]], "mean_data": [[1597017600000.0, 285.21221923828125], [1597881600000.0, 285.3595703125], [1598832000000.0, 284.0018615722656], [1599696000000.0, 283.39647216796874], [1600560000000.0, 282.69361572265626], [1601424000000.0, 280.97181396484376], [1602288000000.0, 279.3722351074219], [1603152000000.0, 278.7080444335937], [1604102400000.0, 274.994970703125], [1604966400000.0, 274.1390869140625], [1605830400000.0, 272.7127624511719], [1606694400000.0, 271.3176025390625], [1607558400000.0, 272.3319152832031], [1608422400000.0, 269.59503784179685], [1609372800000.0, 270.1847290039062]]}, "success": "success", "interval": "dd"}