{"time_series": {"min_data": [[1598832000000.0, 282.37493896484375], [1601424000000.0, 279.8948974609375], [1604102400000.0, 275.70928955078125], [1606694400000.0, 270.1385803222656], [1609372800000.0, 267.9737548828125]], "max_data": [[1598832000000.0, 285.9360046386719], [1601424000000.0, 283.4974365234375], [1604102400000.0, 279.3686218261719], [1606694400000.0, 273.8675537109375], [1609372800000.0, 272.2026672363281]], "median_data": [[1598832000000.0, 285.5034484863281], [1601424000000.0, 283.0501708984375], [1604102400000.0, 278.86749267578125], [1606694400000.0, 273.4555969238281], [1609372800000.0, 271.66778564453125]], "mean_data": [[1598832000000.0, 284.8302734375], [1601424000000.0, 282.3539733886719], [1604102400000.0, 278.19391479492185], [1606694400000.0, 272.7231506347656], [1609372800000.0, 270.68715209960936]]}, "success": "success", "interval": "mm"}