{"time_series": {"min_data": [[1435622400000.0, 168.6887969970703], [1438300800000.0, 223.90757751464844], [1440979200000.0, 266.42437744140625], [1443571200000.0, 245.21875], [1446249600000.0, 212.62709045410156], [1448841600000.0, 199.8407440185547], [1451520000000.0, 190.06451416015625]], "max_data": [[1435622400000.0, 231.639404296875], [1438300800000.0, 294.91876220703125], [1440979200000.0, 330.4645080566406], [1443571200000.0, 305.7012939453125], [1446249600000.0, 285.08367919921875], [1448841600000.0, 272.9681701660156], [1451520000000.0, 263.6070556640625]], "median_data": [[1435622400000.0, 216.7532501220703], [1438300800000.0, 262.5804138183594], [1440979200000.0, 306.0552978515625], [1443571200000.0, 285.1522216796875], [1446249600000.0, 260.68438720703125], [1448841600000.0, 250.12313842773438], [1451520000000.0, 245.1165313720703]], "mean_data": [[1435622400000.0, 203.40251770019532], [1438300800000.0, 256.5751159667969], [1440979200000.0, 298.65061645507814], [1443571200000.0, 277.34467163085935], [1446249600000.0, 252.0672637939453], [1448841600000.0, 240.88589477539062], [1451520000000.0, 232.3750732421875]]}, "success": "success", "interval": "mm"}