{"time_series": {"min_data": [[1612051200000.0, 0.903221607208252], [1614470400000.0, 1.475022792816162], [1617148800000.0, 1.256410002708435], [1619740800000.0, 1.1014125347137451], [1622419200000.0, 1.0030393600463867], [1625011200000.0, 2.4897513389587402]], "max_data": [[1612051200000.0, 2.3262698650360107], [1614470400000.0, 3.4622044563293457], [1617148800000.0, 1.41659677028656], [1619740800000.0, 2.1194262504577637], [1622419200000.0, 2.4482057094573975], [1625011200000.0, 4.233734607696533]], "median_data": [[1612051200000.0, 1.3900066614151], [1614470400000.0, 1.8778533935546875], [1617148800000.0, 1.3824164867401123], [1619740800000.0, 1.3152955770492554], [1622419200000.0, 1.4143500328063965], [1625011200000.0, 2.9192914962768555]], "mean_data": [[1612051200000.0, 1.4993571281433105], [1614470400000.0, 2.1786784648895265], [1617148800000.0, 1.3643002033233642], [1619740800000.0, 1.4576493740081786], [1622419200000.0, 1.5866862535476685], [1625011200000.0, 3.1187321186065673]]}, "success": "success", "interval": "mm"}