{"time_series": {"min_data": [[1422662400000.0, 212.193359375], [1425081600000.0, 224.3079833984375], [1427760000000.0, 225.21826171875], [1430352000000.0, 210.3645477294922], [1433030400000.0, 187.2129669189453], [1435622400000.0, 179.50100708007812], [1438300800000.0, 235.4193115234375], [1440979200000.0, 269.350830078125], [1443571200000.0, 257.7315979003906], [1446249600000.0, 232.37789916992188], [1448841600000.0, 212.14193725585938], [1451520000000.0, 201.84652709960938]], "max_data": [[1422662400000.0, 264.9670104980469], [1425081600000.0, 279.423095703125], [1427760000000.0, 268.4230651855469], [1430352000000.0, 251.4482879638672], [1433030400000.0, 238.0338134765625], [1435622400000.0, 233.89491271972656], [1438300800000.0, 295.1661682128906], [1440979200000.0, 321.5486755371094], [1443571200000.0, 303.3802795410156], [1446249600000.0, 279.2261047363281], [1448841600000.0, 259.5365295410156], [1451520000000.0, 250.69937133789062]], "median_data": [[1422662400000.0, 255.92713928222656], [1425081600000.0, 266.866943359375], [1427760000000.0, 256.9770202636719], [1430352000000.0, 244.13540649414062], [1433030400000.0, 233.0978546142578], [1435622400000.0, 228.15869140625], [1438300800000.0, 282.2581787109375], [1440979200000.0, 310.72027587890625], [1443571200000.0, 292.0982971191406], [1446249600000.0, 264.46612548828125], [1448841600000.0, 246.16282653808594], [1451520000000.0, 241.51559448242188]], "mean_data": [[1422662400000.0, 245.3938995361328], [1425081600000.0, 256.9206024169922], [1427760000000.0, 250.2170654296875], [1430352000000.0, 235.17847595214843], [1433030400000.0, 218.71165161132814], [1435622400000.0, 213.1323455810547], [1438300800000.0, 270.4984588623047], [1440979200000.0, 300.66376953125], [1443571200000.0, 285.54274291992186], [1446249600000.0, 260.24573974609376], [1448841600000.0, 241.05472717285156], [1451520000000.0, 233.02210388183593]]}, "success": "success", "interval": "mm"}