{"time_series": {"min_data": [[1596153600000.0, 290.78387451171875], [1598832000000.0, 290.2352294921875], [1601424000000.0, 290.64862060546875], [1604102400000.0, 289.481689453125], [1606694400000.0, 283.1758117675781], [1609372800000.0, 281.2814636230469]], "max_data": [[1596153600000.0, 294.5354919433594], [1598832000000.0, 293.50115966796875], [1601424000000.0, 294.1501159667969], [1604102400000.0, 292.848876953125], [1606694400000.0, 286.3722839355469], [1609372800000.0, 284.5595703125]], "median_data": [[1596153600000.0, 293.6484069824219], [1598832000000.0, 293.2131042480469], [1601424000000.0, 293.53240966796875], [1604102400000.0, 292.3431701660156], [1606694400000.0, 285.7174377441406], [1609372800000.0, 283.96673583984375]], "mean_data": [[1596153600000.0, 292.99755859375], [1598832000000.0, 292.46088256835935], [1601424000000.0, 292.8870422363281], [1604102400000.0, 291.7837768554688], [1606694400000.0, 285.3813171386719], [1609372800000.0, 283.58502807617185]]}, "success": "success", "interval": "mm"}