{"time_series": {"min_data": [[1598832000000.0, 2.698984146118164], [1601424000000.0, 2.698984146118164]], "max_data": [[1598832000000.0, 3.767188549041748], [1601424000000.0, 3.767188549041748]], "median_data": [[1598832000000.0, 2.8470988273620605], [1601424000000.0, 2.8470988273620605]], "mean_data": [[1598832000000.0, 3.021330404281616], [1601424000000.0, 3.021330404281616]]}, "success": "success", "interval": "3m"}