{"time_series": {"min_data": [[1596153600000.0, 2.1318721771240234], [1598832000000.0, 2.0461068153381348], [1601424000000.0, 2.266376495361328], [1604102400000.0, 1.7701363563537598], [1606694400000.0, 0.958551287651062], [1609372800000.0, 0.5499075055122375]], "max_data": [[1596153600000.0, 2.9582347869873047], [1598832000000.0, 3.1321499347686768], [1601424000000.0, 3.0504865646362305], [1604102400000.0, 2.6311933994293213], [1606694400000.0, 1.7358465194702148], [1609372800000.0, 1.2368603944778442]], "median_data": [[1596153600000.0, 2.504384994506836], [1598832000000.0, 2.3749523162841797], [1601424000000.0, 2.6298491954803467], [1604102400000.0, 1.9379146099090576], [1606694400000.0, 1.1429868936538696], [1609372800000.0, 0.761139452457428]], "mean_data": [[1596153600000.0, 2.5411122322082518], [1598832000000.0, 2.510400676727295], [1601424000000.0, 2.6423197746276856], [1604102400000.0, 2.1418219804763794], [1606694400000.0, 1.288497304916382], [1609372800000.0, 0.8758708477020264]]}, "success": "success", "interval": "mm"}