{"time_series": {"min_data": [[1612051200000.0, 0.903221607208252]], "max_data": [[1612051200000.0, 2.3262698650360107]], "median_data": [[1612051200000.0, 1.3900066614151]], "mean_data": [[1612051200000.0, 1.4993571281433105]]}, "success": "success", "interval": "mm"}